﻿博物馆编号（网站当中给的排号）,博物馆名称,博物馆对应页面的编号,博物馆的类型（四个类型当中的一种）
1,故宫博物院,3376,综合类
2,中国国家博物馆,56614,综合性
3,上海科技馆,3684,自然科学类
4,中国科学技术馆,56620,自然科学类
5,浙江省博物馆,58068,综合类
6,南京博物院,57778,历史类
7,陕西历史博物馆,60633,历史类
8,上海博物馆,57660,艺术类
9,河南博物院,59150,历史类
10,重庆红岩革命历史博物馆,60143,历史类
11,侵华日军南京大屠杀遇难同胞纪念馆,57779,历史类
12,韶山毛泽东同志纪念馆,59630,历史类
13,成都武侯祠博物馆,60215,历史类
14,秦始皇帝陵博物院,60634,历史类
15,南京市博物总馆,57783,综合类
16,天津博物馆,56764,综合类
17,重庆中国三峡博物馆,60142,自然科学类
18,恭王府博物馆,56632,历史类
19,山西博物院,56932,综合类
20,甘肃省博物馆,60877,综合类
21,宝鸡青铜器博物院,60645,历史类
22,清华大学艺术博物馆,278755,艺术类
23,中国（海南）南海博物馆,226801,综合类
24,山西地质博物馆,152094,综合类
25,成都市博物馆,151952,综合类
26,南京中国科举博物馆,151412,历史类
27,中国港口博物馆,111158,综合类
28,遵义市习水四渡赤水纪念馆,108309,历史类
29,吐鲁番博物馆,61139,综合类
30,新疆维吾尔自治区博物馆,61138,综合类
31,宁夏回族自治区固原博物馆,61100,综合类
32,宁夏回族自治区博物馆,61099,综合类
33,青海藏医药文化博物馆,61089,自然科学类
34,青海省博物馆,61067,综合类
35,平凉市博物馆,60884,历史类
36,天水市博物馆,60880,综合类
37,敦煌研究院,60878,艺术类
38,西安大唐西市博物院,60664,历史类
39,延安革命纪念馆,60639,历史类
40,西安半坡博物馆,60638,历史类
41,西安博物院,60637,历史类
42,汉阳陵博物馆,60636,综合类
43,西安碑林博物馆,60635,艺术类
44,西藏博物馆,60625,艺术类
45,云南民族博物馆,60521,艺术类
46,云南省博物馆,60520,综合类
47,贵州民族博物馆,60436,综合类
48,贵州省博物馆,60437,综合类
49,遵义会议博物馆,60436,历史类
50,5·12汶川特大地震纪念馆,60292,自然科学类
51,四川省建川博物馆,60241,历史类
52,朱德故居纪念馆,60224,历史类
53,自贡市盐业历史博物馆,60220,历史类
54,四川广汉三星堆博物馆,60219,历史类
55,广安邓小平故居陈列馆,60218,历史类
56,自贡恐龙博物馆,60217,自然科学类
57,成都杜甫草堂博物馆,60216,艺术类
58,成都金沙遗址博物馆,60214,艺术类
59,四川博物院,60213,综合类
60,大足石刻博物馆,60179,艺术类
61,重庆三峡移民纪念馆,60148,综合类
62,重庆自然博物馆,60144,自然科学类
63,海南省博物馆,167245,综合类
64,桂林博物馆,60019,历史类
65,广西民族博物馆,60016,艺术类
66,广西壮族自治区博物馆,60015,综合类
67,广东中国客家博物馆,59876,综合类
68,鸦片战争博物馆,59784,历史类
69,广东海上丝绸之路博物馆,59778,历史类
70,广州艺术博物院,59773,艺术类
71,广东民间工艺博物馆,59772,艺术类
72,广州博物馆,59767,历史类
73,孙中山故居纪念馆,59765,历史类
74,深圳博物馆,59764,综合类
75,西汉南越王博物馆,59763,历史类
76,广东省博物馆,59762,综合类
77,胡耀邦同志纪念馆,59649,历史类
78,长沙市博物馆,59632,历史类
79,长沙简牍博物馆,59631,历史类
80,刘少奇同志纪念馆,59629,历史类
81,湖南省博物馆,59628,综合类
82,长江文明馆,59472,综合类
83,武汉市中山舰博物馆,59436,综合类
84,辛亥革命武昌起义纪念馆,59435,历史类
85,武汉革命博物馆,59434,历史类
86,随州市博物馆,59431,综合类
87,宜昌博物馆,59428,历史类
88,荆州博物馆,59425,综合类
89,武汉博物馆,59424,历史类
90,湖北省博物馆,59423,综合类
91,平顶山博物馆,59211,综合类
92,中国文字博物馆,59189,自然科学类
93,安阳博物馆,59182,综合类
94,开封市博物馆,59163,综合类
95,鄂豫皖苏区首府革命博物馆,59158,历史类
96,郑州博物馆,59153,综合类
97,南阳市汉画馆,59152,艺术类
98,洛阳博物馆,59151,综合类
99,滕州市汉画像石馆,58898,艺术类
100,淄博市陶瓷博物馆,58877,艺术类
101,青岛山炮台遗址展览馆,58866,历史类
102,山东大学博物馆,58855,综合类
103,济南市章丘区博物馆,58840,综合类
104,滕州市博物馆,58831,历史类
105,曲阜市孔子博物院,58820,综合类
106,济宁市博物馆,58817,历史类
107,烟台市博物馆,58815,综合类
108,齐国故城遗址博物馆,58812,历史类
109,青岛啤酒博物馆,58811,自然科学类
110,济南市博物馆,58808,综合类
111,潍坊市博物馆,58805,综合类
112,临沂市博物馆,58804,综合类
113,中国甲午战争博物院,58802,历史类
114,青州市博物馆,58801,综合类
115,青岛市博物馆,58800,历史类
116,山东博物馆,58799,综合类
117,赣州市博物馆,58748,历史类
118,萍乡博物馆,58685,综合类
119,江西省庐山博物馆,58669,综合类
120,九江市博物馆,58668,历史类
121,景德镇中国陶瓷博物馆,58664,艺术类
122,八大山人纪念馆,58663,历史类
123,安源路矿工人运动纪念馆,58662,历史类
124,瑞金中央革命根据地纪念馆,58661,历史类
125,井冈山革命博物馆,58660,历史类
126,南昌八一起义纪念馆,58659,综合类
127,江西省博物馆,58658,综合类
128,中央苏区（闽西）历史博物馆,58547,历史类
129,古田会议纪念馆,58546,历史类
130,泉州海外交通史博物馆,58545,历史类
131,福建中国闽台缘博物馆,58544,历史类
132,福建博物院,58544,自然科学类
133,蚌埠市博物馆,58399,综合类
134,安徽省地质博物馆,58389,自然科学类
135,宿州市博物馆,58378,艺术类
136,安徽中国徽州文化博物馆,58360,综合类
137,淮北市博物馆,58357,综合类
138,安徽博物院,58353,综合类
139,杭州西湖博物馆,58127,自然科学类
140,杭州工艺美术博物馆,58123,艺术类
141,舟山博物馆,58088,综合类
142,嘉兴南湖革命纪念馆,58083,历史类
143,中国茶叶博物馆,58078,艺术类
144,杭州博物馆,58076,综合类
145,温州博物馆,58075,综合类
146,宁波市天一阁博物馆,58073,综合类
147,宁波博物馆,58071,综合类
148,中国丝绸博物馆,58070,综合类
149,浙江自然博物馆,58069,自然科学类
150,南京市雨花台烈士纪念馆,57832,历史类
151,镇江博物馆,57804,综合类
152,常州博物馆,57800,综合类
153,常熟博物馆,57799,综合类
154,无锡博物院,57794,综合类
155,徐州博物馆,57792,综合类
156,南通博物苑,57782,综合类
157,苏州博物馆,57781,综合类
158,扬州博物馆,57780,综合类
159,上海龙华烈士纪念馆,57698,历史类
160,上海中国航海博物馆,57682,综合类
161,陈云纪念馆,57665,历史类
162,上海鲁迅纪念馆,57662,历史类
163,中国共产党第一次全国代表大会会址纪念馆,57661,历史类
164,大庆市博物馆,57467,综合类
165,黑龙江省民族博物馆,57465,综合类
166,大庆市铁人王进喜纪念馆,57463,历史类
167,瑷珲历史陈列馆,57462,历史类
168,东北烈士纪念馆,57460,历史类
169,黑龙江省博物馆,57459,综合类
170,吉林省自然博物馆,57353,自然科学类
171,吉林省博物院,57352,综合类
172,大连自然博物馆,57288,自然科学类
173,沈阳故宫博物院,57260,历史类
174,大连现代博物馆,57258,综合类
175,旅顺博物馆,57257,综合类
176,沈阳“九·一八”历史博物馆,57256,历史类
177,辽宁省博物馆,57255,综合类
178,鄂尔多斯博物馆,57065,综合类
179,赤峰市博物馆,57062,综合类
180,内蒙古博物院,57057,综合类
181,临汾市博物馆,57010,综合类
182,大同市博物馆,56940,综合类
183,中国煤炭博物馆,56934,自然科学类
184,八路军太行纪念馆,56933,历史类
185,邯郸市博物馆,56841,综合类
186,西柏坡纪念馆,56830,历史类
187,河北博物院,56829,综合类
188,平津战役纪念馆,56770,历史类
189,天津自然博物馆,56768,自然科学类
190,周恩来邓颖超纪念馆,56767,历史类
191,北京汽车博物馆,56724,自然科学类
192,中国电影博物馆,56713,自然科学类
193,中国印刷博物馆,56669,自然科学类
194,北京天文馆,56625,自然科学类
195,中国航空博物馆,56624,自然科学类
196,周口店北京人遗址博物馆,56623,自然科学类
197,首都博物馆,56622,综合类
198,北京自然博物馆,56621,自然科学类
199,中国人民抗日战争纪念馆,56619,历史类
200,中国农业博物馆,56618,自然科学类
201,中国地质博物馆,56617,自然科学类
202,北京鲁迅博物馆,56616,历史类
203,中国人民革命军事博物馆,56615,综合类
204,长春市伪满皇宫博物院,3561,历史类
